user_id,name,email,signup_date
U0001,User1,user1@example.com,2025-04-10
U0002,User2,user2@example.com,2024-01-02
U0003,User3,user3@example.com,2024-08-11
U0004,User4,user4@example.com,2024-04-14
U0005,User5,user5@example.com,2023-08-30
U0006,User6,user6@example.com,2023-03-29
U0007,User7,user7@example.com,2024-05-30
U0008,User8,user8@example.com,2025-03-22
U0009,User9,user9@example.com,2024-06-18
U0010,User10,user10@example.com,2024-10-05
U0011,User11,user11@example.com,2024-04-23
U0012,User12,user12@example.com,2024-11-09
U0013,User13,user13@example.com,2025-03-25
U0014,User14,user14@example.com,2024-05-07
U0015,User15,user15@example.com,2025-01-18
U0016,User16,user16@example.com,2025-08-14
U0017,User17,user17@example.com,2023-06-18
U0018,User18,user18@example.com,2024-12-19
U0019,User19,user19@example.com,2023-07-11
U0020,User20,user20@example.com,2023-11-20
U0021,User21,user21@example.com,2024-03-23
U0022,User22,user22@example.com,2023-10-01
U0023,User23,user23@example.com,2023-02-22
U0024,User24,user24@example.com,2023-06-15
U0025,User25,user25@example.com,2023-04-24
U0026,User26,user26@example.com,2023-04-07
U0027,User27,user27@example.com,2023-01-03
U0028,User28,user28@example.com,2025-04-14
U0029,User29,user29@example.com,2024-02-19
U0030,User30,user30@example.com,2023-02-05
U0031,User31,user31@example.com,2024-11-23
U0032,User32,user32@example.com,2024-08-06
U0033,User33,user33@example.com,2025-04-04
U0034,User34,user34@example.com,2023-09-25
U0035,User35,user35@example.com,2023-02-10
U0036,User36,user36@example.com,2025-09-05
U0037,User37,user37@example.com,2023-07-12
U0038,User38,user38@example.com,2023-03-15
U0039,User39,user39@example.com,2023-02-08
U0040,User40,user40@example.com,2024-11-09
U0041,User41,user41@example.com,2023-09-30
U0042,User42,user42@example.com,2023-05-15
U0043,User43,user43@example.com,2023-03-19
U0044,User44,user44@example.com,2024-01-09
U0045,User45,user45@example.com,2023-04-26
U0046,User46,user46@example.com,2023-02-11
U0047,User47,user47@example.com,2024-01-13
U0048,User48,user48@example.com,2023-05-29
U0049,User49,user49@example.com,2024-11-06
U0050,User50,user50@example.com,2024-08-30
U0051,User51,user51@example.com,2024-06-29
U0052,User52,user52@example.com,2025-03-14
U0053,User53,user53@example.com,2024-08-14
U0054,User54,user54@example.com,2023-03-20
U0055,User55,user55@example.com,2025-06-06
U0056,User56,user56@example.com,2023-06-10
U0057,User57,user57@example.com,2025-05-29
U0058,User58,user58@example.com,2023-06-16
U0059,User59,user59@example.com,2023-09-08
U0060,User60,user60@example.com,2025-02-17
U0061,User61,user61@example.com,2023-01-31
U0062,User62,user62@example.com,2024-04-26
U0063,User63,user63@example.com,2024-07-02
U0064,User64,user64@example.com,2023-07-20
U0065,User65,user65@example.com,2023-06-14
U0066,User66,user66@example.com,2024-12-12
U0067,User67,user67@example.com,2024-02-14
U0068,User68,user68@example.com,2025-03-22
U0069,User69,user69@example.com,2023-04-13
U0070,User70,user70@example.com,2023-09-28
U0071,User71,user71@example.com,2025-07-28
U0072,User72,user72@example.com,2024-11-12
U0073,User73,user73@example.com,2025-06-03
U0074,User74,user74@example.com,2024-11-01
U0075,User75,user75@example.com,2025-01-09
U0076,User76,user76@example.com,2025-03-22
U0077,User77,user77@example.com,2025-02-23
U0078,User78,user78@example.com,2022-12-28
U0079,User79,user79@example.com,2024-03-06
U0080,User80,user80@example.com,2024-09-11
U0081,User81,user81@example.com,2024-05-26
U0082,User82,user82@example.com,2024-12-14
U0083,User83,user83@example.com,2024-05-28
U0084,User84,user84@example.com,2024-07-22
U0085,User85,user85@example.com,2023-05-05
U0086,User86,user86@example.com,2025-01-07
U0087,User87,user87@example.com,2024-11-17
U0088,User88,user88@example.com,2023-08-11
U0089,User89,user89@example.com,2024-09-17
U0090,User90,user90@example.com,2025-01-03
U0091,User91,user91@example.com,2023-07-29
U0092,User92,user92@example.com,2023-04-09
U0093,User93,user93@example.com,2024-11-27
U0094,User94,user94@example.com,2025-05-07
U0095,User95,user95@example.com,2024-03-08
U0096,User96,user96@example.com,2025-06-25
U0097,User97,user97@example.com,2025-07-21
U0098,User98,user98@example.com,2023-01-19
U0099,User99,user99@example.com,2023-06-25
U0100,User100,user100@example.com,2024-12-24
U0101,User101,user101@example.com,2023-07-12
U0102,User102,user102@example.com,2024-10-16
U0103,User103,user103@example.com,2023-12-18
U0104,User104,user104@example.com,2025-09-09
U0105,User105,user105@example.com,2024-09-20
U0106,User106,user106@example.com,2024-07-15
U0107,User107,user107@example.com,2023-07-20
U0108,User108,user108@example.com,2024-04-13
U0109,User109,user109@example.com,2023-06-10
U0110,User110,user110@example.com,2024-03-29
U0111,User111,user111@example.com,2024-05-16
U0112,User112,user112@example.com,2025-01-09
U0113,User113,user113@example.com,2023-12-11
U0114,User114,user114@example.com,2023-08-30
U0115,User115,user115@example.com,2023-07-26
U0116,User116,user116@example.com,2024-06-18
U0117,User117,user117@example.com,2023-03-25
U0118,User118,user118@example.com,2024-12-07
U0119,User119,user119@example.com,2024-07-26
U0120,User120,user120@example.com,2023-06-04
U0121,User121,user121@example.com,2024-12-15
U0122,User122,user122@example.com,2025-04-28
U0123,User123,user123@example.com,2024-11-26
U0124,User124,user124@example.com,2024-01-16
U0125,User125,user125@example.com,2023-12-10
U0126,User126,user126@example.com,2025-06-18
U0127,User127,user127@example.com,2023-12-29
U0128,User128,user128@example.com,2023-05-31
U0129,User129,user129@example.com,2024-04-20
U0130,User130,user130@example.com,2023-04-01
U0131,User131,user131@example.com,2025-02-23
U0132,User132,user132@example.com,2024-01-05
U0133,User133,user133@example.com,2025-06-27
U0134,User134,user134@example.com,2025-05-28
U0135,User135,user135@example.com,2025-07-23
U0136,User136,user136@example.com,2023-01-16
U0137,User137,user137@example.com,2024-05-04
U0138,User138,user138@example.com,2023-01-11
U0139,User139,user139@example.com,2024-07-16
U0140,User140,user140@example.com,2025-03-01
U0141,User141,user141@example.com,2024-05-20
U0142,User142,user142@example.com,2023-04-24
U0143,User143,user143@example.com,2024-03-24
U0144,User144,user144@example.com,2023-07-29
U0145,User145,user145@example.com,2024-10-09
U0146,User146,user146@example.com,2025-05-03
U0147,User147,user147@example.com,2025-04-06
U0148,User148,user148@example.com,2024-05-30
U0149,User149,user149@example.com,2023-03-10
U0150,User150,user150@example.com,2023-03-28
U0151,User151,user151@example.com,2025-05-11
U0152,User152,user152@example.com,2024-11-29
U0153,User153,user153@example.com,2025-06-21
U0154,User154,user154@example.com,2023-12-08
U0155,User155,user155@example.com,2025-04-17
U0156,User156,user156@example.com,2023-02-14
U0157,User157,user157@example.com,2023-11-11
U0158,User158,user158@example.com,2023-06-15
U0159,User159,user159@example.com,2024-02-03
U0160,User160,user160@example.com,2023-03-09
U0161,User161,user161@example.com,2025-02-23
U0162,User162,user162@example.com,2024-09-27
U0163,User163,user163@example.com,2023-10-02
U0164,User164,user164@example.com,2023-09-01
U0165,User165,user165@example.com,2024-04-09
U0166,User166,user166@example.com,2023-09-04
U0167,User167,user167@example.com,2023-04-27
U0168,User168,user168@example.com,2023-09-09
U0169,User169,user169@example.com,2023-12-18
U0170,User170,user170@example.com,2023-02-16
U0171,User171,user171@example.com,2025-01-11
U0172,User172,user172@example.com,2023-10-24
U0173,User173,user173@example.com,2023-04-05
U0174,User174,user174@example.com,2023-09-27
U0175,User175,user175@example.com,2023-01-29
U0176,User176,user176@example.com,2024-12-03
U0177,User177,user177@example.com,2023-03-30
U0178,User178,user178@example.com,2024-01-17
U0179,User179,user179@example.com,2024-01-06
U0180,User180,user180@example.com,2023-11-21
U0181,User181,user181@example.com,2024-02-08
U0182,User182,user182@example.com,2024-11-23
U0183,User183,user183@example.com,2024-02-17
U0184,User184,user184@example.com,2025-06-05
U0185,User185,user185@example.com,2024-05-03
U0186,User186,user186@example.com,2025-02-25
U0187,User187,user187@example.com,2024-08-18
U0188,User188,user188@example.com,2024-04-05
U0189,User189,user189@example.com,2025-03-15
U0190,User190,user190@example.com,2024-04-02
U0191,User191,user191@example.com,2024-07-19
U0192,User192,user192@example.com,2023-11-22
U0193,User193,user193@example.com,2023-05-09
U0194,User194,user194@example.com,2023-11-27
U0195,User195,user195@example.com,2023-12-11
U0196,User196,user196@example.com,2023-09-23
U0197,User197,user197@example.com,2024-12-10
U0198,User198,user198@example.com,2025-04-09
U0199,User199,user199@example.com,2022-12-30
U0200,User200,user200@example.com,2024-06-07
U0201,User201,user201@example.com,2025-09-09
U0202,User202,user202@example.com,2025-01-08
U0203,User203,user203@example.com,2023-08-29
U0204,User204,user204@example.com,2023-09-28
U0205,User205,user205@example.com,2024-11-29
U0206,User206,user206@example.com,2024-11-11
U0207,User207,user207@example.com,2024-04-01
U0208,User208,user208@example.com,2025-05-05
U0209,User209,user209@example.com,2023-05-22
U0210,User210,user210@example.com,2024-08-15
U0211,User211,user211@example.com,2025-06-07
U0212,User212,user212@example.com,2023-03-03
U0213,User213,user213@example.com,2024-05-18
U0214,User214,user214@example.com,2023-01-24
U0215,User215,user215@example.com,2023-05-06
U0216,User216,user216@example.com,2024-03-14
U0217,User217,user217@example.com,2024-02-10
U0218,User218,user218@example.com,2024-01-19
U0219,User219,user219@example.com,2023-02-13
U0220,User220,user220@example.com,2024-12-04
U0221,User221,user221@example.com,2024-05-07
U0222,User222,user222@example.com,2024-08-02
U0223,User223,user223@example.com,2024-02-14
U0224,User224,user224@example.com,2025-08-24
U0225,User225,user225@example.com,2024-11-23
U0226,User226,user226@example.com,2025-03-14
U0227,User227,user227@example.com,2023-11-11
U0228,User228,user228@example.com,2025-01-30
U0229,User229,user229@example.com,2023-02-26
U0230,User230,user230@example.com,2025-01-24
U0231,User231,user231@example.com,2025-06-10
U0232,User232,user232@example.com,2025-01-31
U0233,User233,user233@example.com,2025-04-09
U0234,User234,user234@example.com,2023-11-11
U0235,User235,user235@example.com,2024-04-11
U0236,User236,user236@example.com,2025-05-06
U0237,User237,user237@example.com,2023-06-13
U0238,User238,user238@example.com,2024-10-14
U0239,User239,user239@example.com,2024-12-01
U0240,User240,user240@example.com,2025-02-19
U0241,User241,user241@example.com,2024-09-11
U0242,User242,user242@example.com,2025-05-30
U0243,User243,user243@example.com,2023-07-03
U0244,User244,user244@example.com,2023-11-30
U0245,User245,user245@example.com,2025-03-13
U0246,User246,user246@example.com,2025-03-18
U0247,User247,user247@example.com,2025-04-18
U0248,User248,user248@example.com,2024-07-27
U0249,User249,user249@example.com,2023-04-10
U0250,User250,user250@example.com,2025-04-01
U0251,User251,user251@example.com,2024-11-16
U0252,User252,user252@example.com,2024-08-05
U0253,User253,user253@example.com,2025-05-30
U0254,User254,user254@example.com,2023-04-12
U0255,User255,user255@example.com,2024-07-24
U0256,User256,user256@example.com,2023-09-13
U0257,User257,user257@example.com,2024-08-07
U0258,User258,user258@example.com,2023-06-15
U0259,User259,user259@example.com,2025-04-03
U0260,User260,user260@example.com,2024-11-12
U0261,User261,user261@example.com,2023-04-07
U0262,User262,user262@example.com,2025-07-08
U0263,User263,user263@example.com,2024-04-22
U0264,User264,user264@example.com,2025-07-23
U0265,User265,user265@example.com,2025-08-23
U0266,User266,user266@example.com,2025-06-16
U0267,User267,user267@example.com,2023-02-09
U0268,User268,user268@example.com,2024-03-22
U0269,User269,user269@example.com,2024-06-17
U0270,User270,user270@example.com,2025-04-16
U0271,User271,user271@example.com,2024-11-21
U0272,User272,user272@example.com,2023-11-16
U0273,User273,user273@example.com,2024-05-02
U0274,User274,user274@example.com,2025-07-14
U0275,User275,user275@example.com,2023-02-22
U0276,User276,user276@example.com,2023-02-19
U0277,User277,user277@example.com,2024-10-05
U0278,User278,user278@example.com,2023-04-19
U0279,User279,user279@example.com,2025-04-18
U0280,User280,user280@example.com,2024-08-11
U0281,User281,user281@example.com,2024-05-04
U0282,User282,user282@example.com,2025-08-16
U0283,User283,user283@example.com,2023-11-09
U0284,User284,user284@example.com,2023-07-28
U0285,User285,user285@example.com,2024-01-05
U0286,User286,user286@example.com,2022-12-26
U0287,User287,user287@example.com,2023-09-23
U0288,User288,user288@example.com,2024-12-29
U0289,User289,user289@example.com,2023-05-02
U0290,User290,user290@example.com,2024-08-19
U0291,User291,user291@example.com,2024-06-28
U0292,User292,user292@example.com,2023-08-26
U0293,User293,user293@example.com,2025-05-12
U0294,User294,user294@example.com,2024-10-07
U0295,User295,user295@example.com,2025-01-06
U0296,User296,user296@example.com,2024-10-13
U0297,User297,user297@example.com,2024-12-25
U0298,User298,user298@example.com,2024-04-29
U0299,User299,user299@example.com,2024-02-04
U0300,User300,user300@example.com,2024-05-17
U0301,User301,user301@example.com,2024-03-21
U0302,User302,user302@example.com,2025-04-16
U0303,User303,user303@example.com,2023-02-14
U0304,User304,user304@example.com,2024-09-17
U0305,User305,user305@example.com,2025-03-28
U0306,User306,user306@example.com,2023-05-22
U0307,User307,user307@example.com,2023-09-28
U0308,User308,user308@example.com,2025-08-29
U0309,User309,user309@example.com,2024-05-19
U0310,User310,user310@example.com,2023-02-16
U0311,User311,user311@example.com,2024-03-01
U0312,User312,user312@example.com,2023-02-08
U0313,User313,user313@example.com,2025-04-11
U0314,User314,user314@example.com,2024-10-11
U0315,User315,user315@example.com,2024-03-12
U0316,User316,user316@example.com,2023-03-23
U0317,User317,user317@example.com,2025-03-18
U0318,User318,user318@example.com,2024-02-24
U0319,User319,user319@example.com,2024-04-25
U0320,User320,user320@example.com,2024-12-21
U0321,User321,user321@example.com,2023-12-01
U0322,User322,user322@example.com,2025-04-13
U0323,User323,user323@example.com,2023-11-20
U0324,User324,user324@example.com,2023-04-05
U0325,User325,user325@example.com,2023-02-09
U0326,User326,user326@example.com,2025-05-02
U0327,User327,user327@example.com,2025-04-06
U0328,User328,user328@example.com,2024-10-12
U0329,User329,user329@example.com,2024-01-26
U0330,User330,user330@example.com,2025-06-20
U0331,User331,user331@example.com,2023-01-15
U0332,User332,user332@example.com,2024-08-25
U0333,User333,user333@example.com,2024-10-25
U0334,User334,user334@example.com,2025-07-30
U0335,User335,user335@example.com,2023-03-29
U0336,User336,user336@example.com,2024-11-02
U0337,User337,user337@example.com,2023-01-01
U0338,User338,user338@example.com,2025-04-02
U0339,User339,user339@example.com,2024-11-07
U0340,User340,user340@example.com,2023-01-07
U0341,User341,user341@example.com,2024-04-06
U0342,User342,user342@example.com,2025-04-29
U0343,User343,user343@example.com,2023-06-01
U0344,User344,user344@example.com,2023-07-22
U0345,User345,user345@example.com,2023-05-16
U0346,User346,user346@example.com,2023-04-28
U0347,User347,user347@example.com,2025-05-31
U0348,User348,user348@example.com,2024-11-30
U0349,User349,user349@example.com,2024-05-30
U0350,User350,user350@example.com,2024-12-06
U0351,User351,user351@example.com,2024-12-07
U0352,User352,user352@example.com,2023-01-29
U0353,User353,user353@example.com,2023-07-20
U0354,User354,user354@example.com,2024-09-18
U0355,User355,user355@example.com,2025-07-24
U0356,User356,user356@example.com,2023-02-20
U0357,User357,user357@example.com,2024-01-09
U0358,User358,user358@example.com,2025-08-04
U0359,User359,user359@example.com,2023-08-17
U0360,User360,user360@example.com,2023-04-09
U0361,User361,user361@example.com,2025-07-24
U0362,User362,user362@example.com,2023-02-04
U0363,User363,user363@example.com,2024-12-03
U0364,User364,user364@example.com,2023-11-20
U0365,User365,user365@example.com,2025-04-17
U0366,User366,user366@example.com,2025-05-06
U0367,User367,user367@example.com,2023-12-07
U0368,User368,user368@example.com,2023-11-05
U0369,User369,user369@example.com,2024-02-23
U0370,User370,user370@example.com,2023-07-17
U0371,User371,user371@example.com,2023-04-25
U0372,User372,user372@example.com,2022-12-25
U0373,User373,user373@example.com,2024-06-02
U0374,User374,user374@example.com,2023-10-12
U0375,User375,user375@example.com,2023-06-30
U0376,User376,user376@example.com,2024-06-09
U0377,User377,user377@example.com,2024-09-18
U0378,User378,user378@example.com,2023-12-12
U0379,User379,user379@example.com,2025-08-06
U0380,User380,user380@example.com,2025-05-07
U0381,User381,user381@example.com,2023-07-05
U0382,User382,user382@example.com,2024-07-28
U0383,User383,user383@example.com,2024-07-08
U0384,User384,user384@example.com,2024-10-14
U0385,User385,user385@example.com,2025-07-29
U0386,User386,user386@example.com,2024-11-26
U0387,User387,user387@example.com,2025-05-27
U0388,User388,user388@example.com,2024-04-19
U0389,User389,user389@example.com,2023-10-08
U0390,User390,user390@example.com,2024-08-08
U0391,User391,user391@example.com,2024-08-01
U0392,User392,user392@example.com,2023-02-14
U0393,User393,user393@example.com,2023-12-08
U0394,User394,user394@example.com,2023-07-28
U0395,User395,user395@example.com,2024-12-06
U0396,User396,user396@example.com,2023-10-31
U0397,User397,user397@example.com,2024-02-11
U0398,User398,user398@example.com,2025-09-07
U0399,User399,user399@example.com,2023-05-05
U0400,User400,user400@example.com,2024-01-08
U0401,User401,user401@example.com,2023-09-20
U0402,User402,user402@example.com,2023-09-13
U0403,User403,user403@example.com,2024-01-20
U0404,User404,user404@example.com,2023-08-12
U0405,User405,user405@example.com,2025-07-18
U0406,User406,user406@example.com,2023-06-19
U0407,User407,user407@example.com,2024-05-15
U0408,User408,user408@example.com,2024-03-03
U0409,User409,user409@example.com,2025-01-10
U0410,User410,user410@example.com,2025-02-21
U0411,User411,user411@example.com,2024-07-23
U0412,User412,user412@example.com,2023-04-11
U0413,User413,user413@example.com,2023-04-30
U0414,User414,user414@example.com,2024-04-04
U0415,User415,user415@example.com,2024-01-27
U0416,User416,user416@example.com,2024-12-26
U0417,User417,user417@example.com,2024-12-23
U0418,User418,user418@example.com,2024-07-13
U0419,User419,user419@example.com,2025-08-18
U0420,User420,user420@example.com,2024-05-18
U0421,User421,user421@example.com,2023-11-06
U0422,User422,user422@example.com,2025-03-28
U0423,User423,user423@example.com,2023-11-09
U0424,User424,user424@example.com,2023-10-27
U0425,User425,user425@example.com,2025-01-12
U0426,User426,user426@example.com,2025-02-06
U0427,User427,user427@example.com,2024-12-14
U0428,User428,user428@example.com,2025-05-31
U0429,User429,user429@example.com,2024-02-12
U0430,User430,user430@example.com,2024-04-03
U0431,User431,user431@example.com,2024-04-13
U0432,User432,user432@example.com,2024-11-06
U0433,User433,user433@example.com,2023-02-01
U0434,User434,user434@example.com,2025-01-03
U0435,User435,user435@example.com,2023-02-28
U0436,User436,user436@example.com,2025-04-23
U0437,User437,user437@example.com,2023-07-19
U0438,User438,user438@example.com,2023-08-01
U0439,User439,user439@example.com,2023-08-08
U0440,User440,user440@example.com,2022-12-24
U0441,User441,user441@example.com,2025-07-09
U0442,User442,user442@example.com,2025-03-16
U0443,User443,user443@example.com,2023-03-16
U0444,User444,user444@example.com,2024-11-30
U0445,User445,user445@example.com,2024-03-23
U0446,User446,user446@example.com,2024-01-02
U0447,User447,user447@example.com,2024-05-12
U0448,User448,user448@example.com,2023-05-28
U0449,User449,user449@example.com,2023-08-09
U0450,User450,user450@example.com,2025-05-12
U0451,User451,user451@example.com,2024-08-16
U0452,User452,user452@example.com,2023-10-23
U0453,User453,user453@example.com,2025-03-24
U0454,User454,user454@example.com,2024-12-09
U0455,User455,user455@example.com,2025-05-14
U0456,User456,user456@example.com,2024-10-27
U0457,User457,user457@example.com,2023-01-28
U0458,User458,user458@example.com,2024-01-31
U0459,User459,user459@example.com,2023-10-18
U0460,User460,user460@example.com,2023-07-22
U0461,User461,user461@example.com,2025-07-23
U0462,User462,user462@example.com,2024-06-05
U0463,User463,user463@example.com,2023-01-04
U0464,User464,user464@example.com,2025-01-29
U0465,User465,user465@example.com,2023-05-21
U0466,User466,user466@example.com,2025-06-27
U0467,User467,user467@example.com,2023-09-23
U0468,User468,user468@example.com,2024-09-13
U0469,User469,user469@example.com,2024-08-05
U0470,User470,user470@example.com,2022-12-23
U0471,User471,user471@example.com,2024-07-05
U0472,User472,user472@example.com,2023-09-14
U0473,User473,user473@example.com,2025-04-23
U0474,User474,user474@example.com,2025-02-11
U0475,User475,user475@example.com,2023-10-03
U0476,User476,user476@example.com,2023-05-17
U0477,User477,user477@example.com,2024-11-25
U0478,User478,user478@example.com,2023-06-16
U0479,User479,user479@example.com,2023-08-01
U0480,User480,user480@example.com,2023-09-18
U0481,User481,user481@example.com,2024-10-03
U0482,User482,user482@example.com,2023-10-11
U0483,User483,user483@example.com,2025-09-03
U0484,User484,user484@example.com,2023-01-13
U0485,User485,user485@example.com,2024-08-23
U0486,User486,user486@example.com,2025-08-21
U0487,User487,user487@example.com,2023-07-26
U0488,User488,user488@example.com,2025-05-01
U0489,User489,user489@example.com,2023-06-29
U0490,User490,user490@example.com,2025-05-10
U0491,User491,user491@example.com,2025-03-06
U0492,User492,user492@example.com,2023-08-11
U0493,User493,user493@example.com,2023-02-18
U0494,User494,user494@example.com,2024-03-28
U0495,User495,user495@example.com,2023-01-13
U0496,User496,user496@example.com,2024-01-02
U0497,User497,user497@example.com,2024-08-23
U0498,User498,user498@example.com,2023-11-20
U0499,User499,user499@example.com,2024-08-19
U0500,User500,user500@example.com,2024-09-04
U0501,User501,user501@example.com,2024-08-10
U0502,User502,user502@example.com,2024-06-20
U0503,User503,user503@example.com,2025-06-29
U0504,User504,user504@example.com,2024-11-25
U0505,User505,user505@example.com,2025-06-27
U0506,User506,user506@example.com,2025-01-20
U0507,User507,user507@example.com,2025-01-20
U0508,User508,user508@example.com,2024-11-24
U0509,User509,user509@example.com,2025-01-31
U0510,User510,user510@example.com,2024-04-06
U0511,User511,user511@example.com,2024-03-30
U0512,User512,user512@example.com,2025-07-04
U0513,User513,user513@example.com,2023-01-24
U0514,User514,user514@example.com,2024-06-20
U0515,User515,user515@example.com,2025-07-03
U0516,User516,user516@example.com,2024-11-02
U0517,User517,user517@example.com,2025-02-13
U0518,User518,user518@example.com,2023-07-11
U0519,User519,user519@example.com,2025-08-26
U0520,User520,user520@example.com,2023-10-26
U0521,User521,user521@example.com,2023-10-06
U0522,User522,user522@example.com,2025-06-14
U0523,User523,user523@example.com,2024-10-11
U0524,User524,user524@example.com,2023-04-28
U0525,User525,user525@example.com,2024-09-12
U0526,User526,user526@example.com,2024-10-01
U0527,User527,user527@example.com,2025-08-30
U0528,User528,user528@example.com,2025-03-18
U0529,User529,user529@example.com,2024-06-10
U0530,User530,user530@example.com,2023-07-29
U0531,User531,user531@example.com,2023-04-08
U0532,User532,user532@example.com,2024-05-23
U0533,User533,user533@example.com,2022-12-23
U0534,User534,user534@example.com,2024-10-03
U0535,User535,user535@example.com,2024-11-11
U0536,User536,user536@example.com,2025-09-15
U0537,User537,user537@example.com,2023-12-13
U0538,User538,user538@example.com,2023-10-09
U0539,User539,user539@example.com,2024-10-09
U0540,User540,user540@example.com,2024-04-27
U0541,User541,user541@example.com,2025-07-25
U0542,User542,user542@example.com,2025-04-27
U0543,User543,user543@example.com,2023-06-29
U0544,User544,user544@example.com,2025-01-20
U0545,User545,user545@example.com,2024-04-01
U0546,User546,user546@example.com,2023-08-10
U0547,User547,user547@example.com,2024-03-07
U0548,User548,user548@example.com,2024-03-28
U0549,User549,user549@example.com,2024-01-02
U0550,User550,user550@example.com,2024-05-27
U0551,User551,user551@example.com,2025-02-28
U0552,User552,user552@example.com,2024-06-24
U0553,User553,user553@example.com,2025-07-12
U0554,User554,user554@example.com,2024-03-01
U0555,User555,user555@example.com,2024-12-29
U0556,User556,user556@example.com,2023-07-14
U0557,User557,user557@example.com,2023-08-21
U0558,User558,user558@example.com,2024-05-20
U0559,User559,user559@example.com,2025-02-23
U0560,User560,user560@example.com,2024-03-25
U0561,User561,user561@example.com,2023-09-01
U0562,User562,user562@example.com,2024-07-19
U0563,User563,user563@example.com,2024-06-03
U0564,User564,user564@example.com,2023-06-03
U0565,User565,user565@example.com,2025-01-23
U0566,User566,user566@example.com,2025-09-07
U0567,User567,user567@example.com,2024-04-03
U0568,User568,user568@example.com,2024-02-20
U0569,User569,user569@example.com,2024-01-13
U0570,User570,user570@example.com,2024-06-03
U0571,User571,user571@example.com,2023-05-22
U0572,User572,user572@example.com,2023-06-05
U0573,User573,user573@example.com,2023-07-24
U0574,User574,user574@example.com,2024-08-22
U0575,User575,user575@example.com,2024-06-14
U0576,User576,user576@example.com,2025-01-31
U0577,User577,user577@example.com,2024-06-06
U0578,User578,user578@example.com,2023-07-31
U0579,User579,user579@example.com,2024-05-07
U0580,User580,user580@example.com,2024-02-07
U0581,User581,user581@example.com,2023-05-25
U0582,User582,user582@example.com,2024-12-01
U0583,User583,user583@example.com,2023-01-12
U0584,User584,user584@example.com,2025-01-25
U0585,User585,user585@example.com,2024-08-03
U0586,User586,user586@example.com,2024-04-26
U0587,User587,user587@example.com,2025-08-04
U0588,User588,user588@example.com,2024-12-19
U0589,User589,user589@example.com,2024-02-12
U0590,User590,user590@example.com,2023-07-26
U0591,User591,user591@example.com,2024-05-09
U0592,User592,user592@example.com,2024-02-27
U0593,User593,user593@example.com,2023-10-14
U0594,User594,user594@example.com,2024-03-12
U0595,User595,user595@example.com,2025-05-15
U0596,User596,user596@example.com,2023-09-08
U0597,User597,user597@example.com,2025-04-04
U0598,User598,user598@example.com,2023-04-20
U0599,User599,user599@example.com,2025-01-12
U0600,User600,user600@example.com,2022-12-27
U0601,User601,user601@example.com,2023-06-20
U0602,User602,user602@example.com,2023-03-15
U0603,User603,user603@example.com,2025-06-19
U0604,User604,user604@example.com,2025-08-30
U0605,User605,user605@example.com,2024-06-15
U0606,User606,user606@example.com,2023-01-09
U0607,User607,user607@example.com,2023-09-23
U0608,User608,user608@example.com,2023-01-30
U0609,User609,user609@example.com,2024-05-31
U0610,User610,user610@example.com,2022-12-28
U0611,User611,user611@example.com,2024-04-19
U0612,User612,user612@example.com,2025-07-10
U0613,User613,user613@example.com,2024-08-28
U0614,User614,user614@example.com,2023-04-15
U0615,User615,user615@example.com,2023-06-20
U0616,User616,user616@example.com,2024-12-10
U0617,User617,user617@example.com,2023-09-22
U0618,User618,user618@example.com,2024-10-25
U0619,User619,user619@example.com,2024-12-15
U0620,User620,user620@example.com,2023-04-28
U0621,User621,user621@example.com,2025-07-09
U0622,User622,user622@example.com,2023-12-09
U0623,User623,user623@example.com,2025-01-03
U0624,User624,user624@example.com,2023-03-22
U0625,User625,user625@example.com,2023-12-12
U0626,User626,user626@example.com,2025-02-19
U0627,User627,user627@example.com,2023-08-21
U0628,User628,user628@example.com,2024-11-06
U0629,User629,user629@example.com,2025-06-23
U0630,User630,user630@example.com,2023-02-08
U0631,User631,user631@example.com,2025-02-01
U0632,User632,user632@example.com,2024-01-31
U0633,User633,user633@example.com,2023-04-05
U0634,User634,user634@example.com,2023-11-01
U0635,User635,user635@example.com,2024-08-13
U0636,User636,user636@example.com,2024-05-27
U0637,User637,user637@example.com,2023-07-06
U0638,User638,user638@example.com,2023-07-10
U0639,User639,user639@example.com,2024-07-28
U0640,User640,user640@example.com,2024-12-25
U0641,User641,user641@example.com,2024-04-12
U0642,User642,user642@example.com,2023-11-05
U0643,User643,user643@example.com,2025-09-14
U0644,User644,user644@example.com,2025-04-12
U0645,User645,user645@example.com,2023-08-25
U0646,User646,user646@example.com,2023-10-27
U0647,User647,user647@example.com,2025-07-16
U0648,User648,user648@example.com,2025-09-01
U0649,User649,user649@example.com,2025-08-21
U0650,User650,user650@example.com,2025-02-22
U0651,User651,user651@example.com,2023-02-04
U0652,User652,user652@example.com,2024-07-19
U0653,User653,user653@example.com,2023-06-24
U0654,User654,user654@example.com,2024-04-10
U0655,User655,user655@example.com,2024-04-19
U0656,User656,user656@example.com,2025-06-22
U0657,User657,user657@example.com,2025-04-14
U0658,User658,user658@example.com,2024-10-13
U0659,User659,user659@example.com,2024-12-19
U0660,User660,user660@example.com,2025-05-11
U0661,User661,user661@example.com,2025-08-28
U0662,User662,user662@example.com,2022-12-24
U0663,User663,user663@example.com,2024-02-18
U0664,User664,user664@example.com,2024-02-13
U0665,User665,user665@example.com,2025-08-23
U0666,User666,user666@example.com,2023-10-03
U0667,User667,user667@example.com,2025-07-03
U0668,User668,user668@example.com,2025-06-23
U0669,User669,user669@example.com,2023-10-15
U0670,User670,user670@example.com,2024-11-07
U0671,User671,user671@example.com,2025-08-18
U0672,User672,user672@example.com,2025-05-29
U0673,User673,user673@example.com,2023-10-04
U0674,User674,user674@example.com,2024-02-08
U0675,User675,user675@example.com,2023-07-23
U0676,User676,user676@example.com,2023-03-05
U0677,User677,user677@example.com,2023-07-26
U0678,User678,user678@example.com,2024-09-14
U0679,User679,user679@example.com,2024-11-28
U0680,User680,user680@example.com,2023-12-10
U0681,User681,user681@example.com,2024-10-29
U0682,User682,user682@example.com,2025-05-07
U0683,User683,user683@example.com,2023-01-20
U0684,User684,user684@example.com,2024-01-18
U0685,User685,user685@example.com,2023-11-15
U0686,User686,user686@example.com,2024-01-05
U0687,User687,user687@example.com,2024-08-17
U0688,User688,user688@example.com,2025-05-17
U0689,User689,user689@example.com,2024-04-01
U0690,User690,user690@example.com,2025-06-12
U0691,User691,user691@example.com,2024-08-04
U0692,User692,user692@example.com,2024-03-16
U0693,User693,user693@example.com,2023-11-29
U0694,User694,user694@example.com,2023-08-14
U0695,User695,user695@example.com,2023-11-25
U0696,User696,user696@example.com,2024-02-15
U0697,User697,user697@example.com,2024-07-21
U0698,User698,user698@example.com,2024-11-17
U0699,User699,user699@example.com,2024-02-17
U0700,User700,user700@example.com,2023-03-24
U0701,User701,user701@example.com,2023-05-02
U0702,User702,user702@example.com,2023-12-06
U0703,User703,user703@example.com,2025-05-23
U0704,User704,user704@example.com,2023-03-11
U0705,User705,user705@example.com,2023-01-20
U0706,User706,user706@example.com,2023-01-02
U0707,User707,user707@example.com,2025-01-14
U0708,User708,user708@example.com,2024-03-25
U0709,User709,user709@example.com,2023-03-02
U0710,User710,user710@example.com,2024-06-10
U0711,User711,user711@example.com,2024-04-14
U0712,User712,user712@example.com,2025-07-04
U0713,User713,user713@example.com,2025-01-30
U0714,User714,user714@example.com,2025-07-14
U0715,User715,user715@example.com,2024-05-01
U0716,User716,user716@example.com,2024-07-26
U0717,User717,user717@example.com,2023-10-31
U0718,User718,user718@example.com,2023-04-21
U0719,User719,user719@example.com,2025-01-07
U0720,User720,user720@example.com,2023-09-15
U0721,User721,user721@example.com,2023-06-11
U0722,User722,user722@example.com,2024-02-16
U0723,User723,user723@example.com,2024-01-18
U0724,User724,user724@example.com,2023-04-15
U0725,User725,user725@example.com,2024-10-27
U0726,User726,user726@example.com,2024-11-27
U0727,User727,user727@example.com,2023-05-19
U0728,User728,user728@example.com,2025-07-02
U0729,User729,user729@example.com,2023-05-28
U0730,User730,user730@example.com,2024-11-12
U0731,User731,user731@example.com,2024-04-21
U0732,User732,user732@example.com,2024-10-29
U0733,User733,user733@example.com,2024-05-19
U0734,User734,user734@example.com,2025-09-06
U0735,User735,user735@example.com,2023-01-21
U0736,User736,user736@example.com,2025-07-24
U0737,User737,user737@example.com,2023-01-28
U0738,User738,user738@example.com,2025-09-11
U0739,User739,user739@example.com,2024-08-09
U0740,User740,user740@example.com,2023-01-13
U0741,User741,user741@example.com,2023-03-17
U0742,User742,user742@example.com,2025-02-18
U0743,User743,user743@example.com,2025-05-11
U0744,User744,user744@example.com,2024-05-08
U0745,User745,user745@example.com,2024-04-19
U0746,User746,user746@example.com,2024-01-05
U0747,User747,user747@example.com,2025-09-17
U0748,User748,user748@example.com,2024-07-01
U0749,User749,user749@example.com,2025-05-22
U0750,User750,user750@example.com,2025-04-21
U0751,User751,user751@example.com,2024-12-03
U0752,User752,user752@example.com,2024-05-25
U0753,User753,user753@example.com,2024-10-25
U0754,User754,user754@example.com,2023-06-11
U0755,User755,user755@example.com,2025-08-17
U0756,User756,user756@example.com,2023-01-27
U0757,User757,user757@example.com,2025-09-11
U0758,User758,user758@example.com,2025-03-20
U0759,User759,user759@example.com,2023-01-13
U0760,User760,user760@example.com,2025-05-09
U0761,User761,user761@example.com,2024-12-08
U0762,User762,user762@example.com,2024-05-07
U0763,User763,user763@example.com,2025-06-09
U0764,User764,user764@example.com,2024-11-05
U0765,User765,user765@example.com,2023-07-21
U0766,User766,user766@example.com,2023-05-28
U0767,User767,user767@example.com,2024-11-10
U0768,User768,user768@example.com,2023-01-20
U0769,User769,user769@example.com,2024-06-06
U0770,User770,user770@example.com,2024-02-06
U0771,User771,user771@example.com,2025-03-21
U0772,User772,user772@example.com,2025-08-08
U0773,User773,user773@example.com,2024-01-26
U0774,User774,user774@example.com,2024-12-08
U0775,User775,user775@example.com,2024-01-12
U0776,User776,user776@example.com,2023-09-05
U0777,User777,user777@example.com,2025-09-09
U0778,User778,user778@example.com,2024-08-07
U0779,User779,user779@example.com,2023-05-10
U0780,User780,user780@example.com,2023-08-04
U0781,User781,user781@example.com,2024-12-30
U0782,User782,user782@example.com,2024-12-08
U0783,User783,user783@example.com,2025-01-25
U0784,User784,user784@example.com,2024-04-15
U0785,User785,user785@example.com,2025-09-04
U0786,User786,user786@example.com,2025-02-19
U0787,User787,user787@example.com,2024-12-23
U0788,User788,user788@example.com,2025-03-15
U0789,User789,user789@example.com,2025-04-30
U0790,User790,user790@example.com,2024-05-21
U0791,User791,user791@example.com,2024-08-15
U0792,User792,user792@example.com,2024-05-31
U0793,User793,user793@example.com,2024-10-25
U0794,User794,user794@example.com,2023-10-15
U0795,User795,user795@example.com,2024-05-29
U0796,User796,user796@example.com,2024-05-27
U0797,User797,user797@example.com,2025-08-31
U0798,User798,user798@example.com,2024-12-03
U0799,User799,user799@example.com,2024-05-10
U0800,User800,user800@example.com,2023-08-04
U0801,User801,user801@example.com,2023-06-07
U0802,User802,user802@example.com,2024-07-24
U0803,User803,user803@example.com,2023-11-22
U0804,User804,user804@example.com,2023-02-22
U0805,User805,user805@example.com,2025-07-15
U0806,User806,user806@example.com,2024-02-28
U0807,User807,user807@example.com,2025-08-01
U0808,User808,user808@example.com,2024-04-03
U0809,User809,user809@example.com,2024-11-22
U0810,User810,user810@example.com,2023-01-18
U0811,User811,user811@example.com,2024-05-12
U0812,User812,user812@example.com,2023-09-03
U0813,User813,user813@example.com,2024-11-15
U0814,User814,user814@example.com,2025-04-09
U0815,User815,user815@example.com,2024-10-12
U0816,User816,user816@example.com,2024-05-02
U0817,User817,user817@example.com,2025-08-24
U0818,User818,user818@example.com,2024-05-10
U0819,User819,user819@example.com,2025-02-25
U0820,User820,user820@example.com,2023-11-25
U0821,User821,user821@example.com,2025-06-26
U0822,User822,user822@example.com,2024-12-19
U0823,User823,user823@example.com,2025-07-24
U0824,User824,user824@example.com,2024-06-25
U0825,User825,user825@example.com,2024-11-05
U0826,User826,user826@example.com,2023-11-13
U0827,User827,user827@example.com,2023-05-14
U0828,User828,user828@example.com,2023-07-16
U0829,User829,user829@example.com,2024-09-17
U0830,User830,user830@example.com,2025-01-04
U0831,User831,user831@example.com,2024-02-05
U0832,User832,user832@example.com,2024-02-08
U0833,User833,user833@example.com,2025-06-21
U0834,User834,user834@example.com,2025-06-12
U0835,User835,user835@example.com,2025-04-07
U0836,User836,user836@example.com,2023-11-14
U0837,User837,user837@example.com,2023-02-15
U0838,User838,user838@example.com,2024-09-25
U0839,User839,user839@example.com,2024-04-13
U0840,User840,user840@example.com,2024-10-09
U0841,User841,user841@example.com,2025-04-02
U0842,User842,user842@example.com,2023-11-18
U0843,User843,user843@example.com,2024-12-18
U0844,User844,user844@example.com,2023-08-18
U0845,User845,user845@example.com,2024-03-30
U0846,User846,user846@example.com,2025-05-03
U0847,User847,user847@example.com,2023-09-02
U0848,User848,user848@example.com,2025-04-08
U0849,User849,user849@example.com,2023-12-26
U0850,User850,user850@example.com,2025-08-05
U0851,User851,user851@example.com,2024-01-27
U0852,User852,user852@example.com,2023-06-12
U0853,User853,user853@example.com,2024-09-04
U0854,User854,user854@example.com,2024-09-03
U0855,User855,user855@example.com,2023-06-26
U0856,User856,user856@example.com,2025-02-23
U0857,User857,user857@example.com,2024-08-08
U0858,User858,user858@example.com,2024-02-27
U0859,User859,user859@example.com,2023-03-20
U0860,User860,user860@example.com,2025-03-07
U0861,User861,user861@example.com,2024-11-27
U0862,User862,user862@example.com,2023-08-31
U0863,User863,user863@example.com,2023-03-07
U0864,User864,user864@example.com,2024-09-02
U0865,User865,user865@example.com,2024-05-25
U0866,User866,user866@example.com,2025-07-31
U0867,User867,user867@example.com,2023-05-31
U0868,User868,user868@example.com,2024-10-07
U0869,User869,user869@example.com,2024-11-30
U0870,User870,user870@example.com,2025-07-16
U0871,User871,user871@example.com,2024-10-17
U0872,User872,user872@example.com,2024-05-24
U0873,User873,user873@example.com,2025-09-10
U0874,User874,user874@example.com,2025-06-06
U0875,User875,user875@example.com,2025-06-28
U0876,User876,user876@example.com,2024-04-12
U0877,User877,user877@example.com,2023-08-15
U0878,User878,user878@example.com,2024-03-14
U0879,User879,user879@example.com,2024-03-12
U0880,User880,user880@example.com,2024-02-22
U0881,User881,user881@example.com,2025-07-26
U0882,User882,user882@example.com,2024-09-23
U0883,User883,user883@example.com,2025-08-11
U0884,User884,user884@example.com,2025-05-20
U0885,User885,user885@example.com,2024-09-10
U0886,User886,user886@example.com,2024-09-12
U0887,User887,user887@example.com,2025-02-18
U0888,User888,user888@example.com,2024-09-25
U0889,User889,user889@example.com,2025-05-20
U0890,User890,user890@example.com,2025-08-03
U0891,User891,user891@example.com,2024-10-27
U0892,User892,user892@example.com,2024-08-27
U0893,User893,user893@example.com,2023-02-05
U0894,User894,user894@example.com,2024-04-25
U0895,User895,user895@example.com,2023-09-17
U0896,User896,user896@example.com,2023-06-24
U0897,User897,user897@example.com,2025-01-16
U0898,User898,user898@example.com,2024-09-15
U0899,User899,user899@example.com,2023-05-24
U0900,User900,user900@example.com,2023-09-30
U0901,User901,user901@example.com,2025-01-06
U0902,User902,user902@example.com,2023-04-21
U0903,User903,user903@example.com,2025-01-07
U0904,User904,user904@example.com,2024-02-23
U0905,User905,user905@example.com,2025-07-29
U0906,User906,user906@example.com,2023-01-07
U0907,User907,user907@example.com,2023-07-28
U0908,User908,user908@example.com,2024-06-10
U0909,User909,user909@example.com,2023-04-03
U0910,User910,user910@example.com,2025-06-03
U0911,User911,user911@example.com,2023-10-28
U0912,User912,user912@example.com,2023-11-25
U0913,User913,user913@example.com,2024-06-08
U0914,User914,user914@example.com,2023-05-05
U0915,User915,user915@example.com,2025-06-28
U0916,User916,user916@example.com,2023-09-10
U0917,User917,user917@example.com,2024-06-28
U0918,User918,user918@example.com,2023-10-13
U0919,User919,user919@example.com,2024-04-01
U0920,User920,user920@example.com,2025-06-09
U0921,User921,user921@example.com,2024-04-11
U0922,User922,user922@example.com,2024-02-08
U0923,User923,user923@example.com,2023-08-31
U0924,User924,user924@example.com,2024-03-24
U0925,User925,user925@example.com,2023-10-18
U0926,User926,user926@example.com,2024-03-27
U0927,User927,user927@example.com,2025-03-02
U0928,User928,user928@example.com,2024-06-11
U0929,User929,user929@example.com,2025-06-15
U0930,User930,user930@example.com,2024-12-30
U0931,User931,user931@example.com,2024-08-04
U0932,User932,user932@example.com,2023-05-13
U0933,User933,user933@example.com,2025-06-21
U0934,User934,user934@example.com,2024-11-05
U0935,User935,user935@example.com,2024-06-07
U0936,User936,user936@example.com,2024-02-25
U0937,User937,user937@example.com,2025-01-10
U0938,User938,user938@example.com,2024-04-27
U0939,User939,user939@example.com,2024-11-06
U0940,User940,user940@example.com,2024-12-03
U0941,User941,user941@example.com,2024-07-28
U0942,User942,user942@example.com,2023-06-06
U0943,User943,user943@example.com,2025-02-17
U0944,User944,user944@example.com,2025-04-14
U0945,User945,user945@example.com,2024-04-16
U0946,User946,user946@example.com,2024-02-08
U0947,User947,user947@example.com,2023-02-04
U0948,User948,user948@example.com,2024-01-01
U0949,User949,user949@example.com,2023-10-07
U0950,User950,user950@example.com,2025-08-19
U0951,User951,user951@example.com,2025-09-09
U0952,User952,user952@example.com,2024-03-10
U0953,User953,user953@example.com,2023-12-16
U0954,User954,user954@example.com,2025-04-01
U0955,User955,user955@example.com,2024-08-20
U0956,User956,user956@example.com,2023-07-12
U0957,User957,user957@example.com,2023-12-08
U0958,User958,user958@example.com,2022-12-28
U0959,User959,user959@example.com,2023-06-18
U0960,User960,user960@example.com,2024-06-12
U0961,User961,user961@example.com,2024-08-03
U0962,User962,user962@example.com,2025-03-20
U0963,User963,user963@example.com,2025-06-18
U0964,User964,user964@example.com,2025-04-15
U0965,User965,user965@example.com,2025-04-10
U0966,User966,user966@example.com,2023-10-15
U0967,User967,user967@example.com,2024-05-22
U0968,User968,user968@example.com,2023-09-30
U0969,User969,user969@example.com,2024-10-21
U0970,User970,user970@example.com,2024-06-21
U0971,User971,user971@example.com,2023-02-26
U0972,User972,user972@example.com,2024-02-20
U0973,User973,user973@example.com,2023-02-23
U0974,User974,user974@example.com,2023-06-05
U0975,User975,user975@example.com,2022-12-26
U0976,User976,user976@example.com,2023-05-16
U0977,User977,user977@example.com,2025-06-22
U0978,User978,user978@example.com,2024-10-27
U0979,User979,user979@example.com,2025-02-06
U0980,User980,user980@example.com,2023-12-03
U0981,User981,user981@example.com,2024-10-02
U0982,User982,user982@example.com,2025-03-30
U0983,User983,user983@example.com,2025-07-27
U0984,User984,user984@example.com,2025-02-05
U0985,User985,user985@example.com,2025-04-16
U0986,User986,user986@example.com,2025-02-06
U0987,User987,user987@example.com,2023-09-01
U0988,User988,user988@example.com,2025-04-29
U0989,User989,user989@example.com,2023-02-06
U0990,User990,user990@example.com,2024-02-21
U0991,User991,user991@example.com,2024-07-14
U0992,User992,user992@example.com,2024-12-09
U0993,User993,user993@example.com,2023-06-20
U0994,User994,user994@example.com,2022-12-31
U0995,User995,user995@example.com,2023-03-01
U0996,User996,user996@example.com,2023-09-07
U0997,User997,user997@example.com,2023-03-27
U0998,User998,user998@example.com,2023-09-10
U0999,User999,user999@example.com,2023-03-13
U1000,User1000,user1000@example.com,2025-04-12
